<?xml version="1.0" encoding="UTF-8"?>
<clientes>
    <cliente>
        <nome>Geokyerod</nome>
        <cpf>111.111.111-11</cpf>
        <idade>25</idade>
        <assuntos>
            <assunto>
                <tipo>8</tipo>
                <descricao>Assunto 8</descricao>
            </assunto>
            <assunto>
                <tipo>6</tipo>
                <descricao>Assunto 6</descricao>
            </assunto>
            <assunto>
                <tipo>2</tipo>
                <descricao>Assunto 2</descricao>
            </assunto>
        </assuntos>
    </cliente>
    <cliente>
        <nome>Suxithalion</nome>
        <cpf>222.222.222-22</cpf>
        <idade>30</idade>
        <assuntos>
            <assunto>
                <tipo>6</tipo>
                <descricao>Assunto 6</descricao>
            </assunto>
            <assunto>
                <tipo>3</tipo>
                <descricao>Assunto 3</descricao>
            </assunto>
            <assunto>
                <tipo>7</tipo>
                <descricao>Assunto 7</descricao>
            </assunto>
            <assunto>
                <tipo>5</tipo>
                <descricao>Assunto 5</descricao>
            </assunto>
        </assuntos>
    </cliente>
    <cliente>
        <nome>Ruxiedor</nome>
        <cpf>333.333.333-33</cpf>
        <idade>45</idade>
        <assuntos>
            <assunto>
                <tipo>7</tipo>
                <descricao>Assunto 7</descricao>
            </assunto>
            <assunto>
                <tipo>5</tipo>
                <descricao>Assunto 5</descricao>
            </assunto>
        </assuntos>
    </cliente>
</clientes>
